"Model","MAE","RMSE"
"mv_model3",0.00670638942484962,0.00835152416534655
"benchmark_model1",0.00671587778605174,0.0083662030499838
"benchmark_model2",0.0067285028652805,0.00836723616195903
