"Model","MAE","RMSE"
"mv_model3",0.00215834729929944,0.00276271378830123
"benchmark_model1",0.00219022965906733,0.00280789249533342
"benchmark_model2",0.00220675742917274,0.0028296653519999
